compound_id,molecule_hash,smiles,pre-selection_counts,target_replicate_1,target_replicate_2,target_replicate_3,input_count,selected_count,scaffold_id,log2_enrichment_mean,log2_enrichment_ci_low,log2_enrichment_ci_high,prob_enriched,scaffold_log2_enrichment
3,hash_3,CCCC,14.0,200.0,180.0,1000.0,14,582,hash_3,5.6832567206363604,4.935743102374211,6.43077033889851,1.0,5.6832567206363604
4,hash_4,CCCCC,16.0,200.0,180.0,1000.0,16,582,hash_4,5.498828698302276,4.796419335601287,6.201238061003265,1.0,5.498828698302276
9,hash_9,CCCCCCCCCC,16.0,200.0,180.0,1000.0,16,582,hash_9,5.498828698302276,4.796419335601287,6.201238061003265,1.0,5.498828698302276
2,hash_2,CCC,17.0,200.0,180.0,1000.0,17,582,hash_2,5.414760642608663,4.731950536641493,6.0975707485758335,1.0,5.414760642608663
6,hash_6,CCCCCCC,18.0,200.0,180.0,1000.0,18,582,hash_6,5.335321620721229,4.6704999218003636,6.000143319642094,1.0,5.335321620721229
1,hash_1,CC,19.0,200.0,180.0,1000.0,19,582,hash_1,5.260028461115411,4.6117920603619575,5.908264861868864,1.0,5.260028461115411
5,hash_5,CCCCCC,19.0,200.0,180.0,1000.0,19,582,hash_5,5.260028461115411,4.6117920603619575,5.908264861868864,1.0,5.260028461115411
8,hash_8,CCCCCCCCC,21.0,200.0,180.0,1000.0,21,582,hash_8,5.120292936359865,4.501678135239882,5.738907737479849,1.0,5.120292936359865
0,hash_0,C,26.0,200.0,180.0,1000.0,26,582,hash_0,4.820705877176733,4.26080385311285,5.380607901240617,1.0,4.820705877176733
7,hash_7,CCCCCCCC,28.0,200.0,180.0,1000.0,28,582,hash_7,4.716359350655153,4.175461798449032,5.257256902861274,1.0,4.716359350655153
2056,hash_2056,CCCCCCC,8.0,7.0,10.0,30.0,8,23,hash_205,1.8201476641395387,0.69768950280507,2.942605825474007,0.999259099802892,-0.00019282249821175683
1495,hash_1495,CCCCCC,6.0,6.0,5.0,31.0,6,17,hash_149,1.7765326200574063,0.4917727748559453,3.061292465258867,0.9966377399410687,0.28971207023539225
7729,hash_7729,CCCCCCCCCC,8.0,6.0,10.0,32.0,8,22,hash_772,1.7578579220537103,0.6287798777407729,2.8869359663666474,0.9988613488586274,0.052054103863085635
8020,hash_8020,C,7.0,11.0,4.0,21.0,7,19,hash_802,1.7298002682557212,0.5261924914676228,2.9334080450438194,0.9975749135647649,0.18360126077245378
3664,hash_3664,CCCCC,7.0,7.0,7.0,23.0,7,19,hash_366,1.7298002682557212,0.5261924914676228,2.9334080450438194,0.9975749135647649,0.12216380622088781
9427,hash_9427,CCCCCCCC,9.0,10.0,8.0,32.0,9,24,hash_942,1.7223776743785366,0.6495562876437218,2.795199061113351,0.9991742499912385,0.004749068678894887
7332,hash_7332,CCC,8.0,10.0,5.0,29.0,8,21,hash_733,1.6927574026023617,0.5564926311450358,2.8290221740596877,0.9982491035862738,0.26439624680466595
371,hash_371,CC,11.0,11.0,10.0,36.0,11,28,hash_371,1.667964582004577,0.6860850060905669,2.649844157918587,0.999564961773596,0.30439559546503797
9524,hash_9524,CCCCC,9.0,12.0,5.0,28.0,9,23,hash_952,1.6626660394025008,0.5834800637984452,2.741852015006556,0.998734671564569,-0.17705896278688246
8071,hash_8071,CC,8.0,11.0,5.0,19.0,8,20,hash_807,1.624580449870477,0.48048556585573476,2.768675333885219,0.9973078076344797,0.04838284849824113
6580,hash_6580,C,11.0,12.0,7.0,33.0,11,26,hash_658,1.5636180554829961,0.5711425564577877,2.5560935545082044,0.998992015969479,-0.10344549293658269
2871,hash_2871,CC,10.0,12.0,7.0,22.0,10,23,hash_287,1.5206829922054068,0.4779933508219578,2.5633726335888554,0.9978714685178383,0.1481575084801806
3791,hash_3791,CC,11.0,12.0,9.0,19.0,11,25,hash_379,1.5084713492025223,0.5101276688742014,2.506815029530843,0.9984690520018323,0.24518931723062015
8230,hash_8230,C,11.0,10.0,10.0,24.0,11,25,hash_823,1.5084713492025223,0.5101276688742014,2.506815029530843,0.9984690520018323,0.23245244046435204
5058,hash_5058,CCCCCCCCC,6.0,5.0,5.0,19.0,6,14,hash_505,1.5080365420297093,0.1877506530955908,2.8283224309638273,0.9874116201191383,0.07525488239390014
2984,hash_2984,CCCCC,9.0,6.0,10.0,22.0,9,20,hash_298,1.4670988251334391,0.3654259382823435,2.5687717119845344,0.9954740254021894,0.03651000814866023
2660,hash_2660,C,9.0,8.0,7.0,26.0,9,20,hash_266,1.4670988251334391,0.3654259382823435,2.5687717119845344,0.9954740254021894,0.02424988305799258
8850,hash_8850,C,10.0,7.0,9.0,30.0,10,22,hash_885,1.4583932501195784,0.4085806028098231,2.5082058974293338,0.9967631432257511,0.18006027191398166
6304,hash_6304,CCCCC,14.0,11.0,13.0,30.0,14,30,hash_630,1.4351420454620112,0.537477517435807,2.3328065734882153,0.9991363087633385,0.19098755692558772
1014,hash_1014,CCCCC,8.0,4.0,8.0,25.0,8,17,hash_101,1.3982896963535645,0.22583799180401254,2.570741400903116,0.9902932131598596,0.07032573986509388
5369,hash_5369,CCCCCCCCCC,9.0,8.0,4.0,33.0,9,19,hash_536,1.3955402531097787,0.284975605758637,2.50610490046092,0.993109064674744,-0.09339577369628149
5846,hash_5846,CCCCCCC,10.0,7.0,7.0,33.0,10,21,hash_584,1.39329273066823,0.33575455397815945,2.4508309073583003,0.9950917495225584,0.14694895557711285
8137,hash_8137,CCCCCCCC,10.0,8.0,6.0,35.0,10,21,hash_813,1.39329273066823,0.33575455397815945,2.4508309073583003,0.9950917495225584,0.3110237078814376
7036,hash_7036,CCCCCCC,10.0,9.0,6.0,32.0,10,21,hash_703,1.39329273066823,0.33575455397815945,2.4508309073583003,0.9950917495225584,-0.03449633769917649
7248,hash_7248,CCCCCCCCC,11.0,8.0,8.0,33.0,11,23,hash_724,1.3914212578370406,0.37997857292078385,2.402863942753297,0.9964940949438229,0.13604126722256468
383,hash_383,CCCC,13.0,13.0,7.0,30.0,13,26,hash_383,1.3353668490029091,0.3947371574364058,2.2759965405694125,0.9973026311479026,0.13397641735182136
3152,hash_3152,CCC,11.0,6.0,11.0,23.0,11,22,hash_315,1.3291315157512122,0.31034733297559725,2.347915698526827,0.9947213183582603,0.3866487515944562
7875,hash_7875,CCCCCC,11.0,9.0,9.0,21.0,11,22,hash_787,1.3291315157512122,0.31034733297559725,2.347915698526827,0.9947213183582603,0.05890482267102051
731,hash_731,CC,10.0,6.0,9.0,26.0,10,20,hash_731,1.3251157779363452,0.2591690307061212,2.3910625251665687,0.9925849143192206,-0.08136284174387569
6399,hash_6399,CCCCCCCCCC,10.0,7.0,7.0,30.0,10,20,hash_639,1.3251157779363452,0.2591690307061212,2.3910625251665687,0.9925849143192206,0.06426821072504808
8516,hash_8516,CCCCCCC,10.0,10.0,4.0,29.0,10,20,hash_851,1.3251157779363452,0.2591690307061212,2.3910625251665687,0.9925849143192206,0.17180055452951132
1073,hash_1073,CCCC,10.0,8.0,6.0,28.0,10,20,hash_107,1.3251157779363452,0.2591690307061212,2.3910625251665687,0.9925849143192206,0.2761258456316954
544,hash_544,CCCCC,10.0,6.0,8.0,29.0,10,20,hash_544,1.3251157779363452,0.2591690307061212,2.3910625251665687,0.9925849143192206,-0.08059831890447468
9673,hash_9673,CCCC,9.0,7.0,6.0,24.0,9,18,hash_967,1.3202470935039612,0.19992066962545652,2.4405735173824654,0.9895480807370794,-0.07792061038758427
9660,hash_9660,C,9.0,7.0,6.0,23.0,9,18,hash_966,1.3202470935039612,0.19992066962545652,2.4405735173824654,0.9895480807370794,0.10455397706302144
5788,hash_5788,CCCCCCCCC,9.0,6.0,7.0,26.0,9,18,hash_578,1.3202470935039612,0.19992066962545652,2.4405735173824654,0.9895480807370794,0.26383100492166456
4696,hash_4696,CCCCCCC,7.0,3.0,7.0,20.0,7,14,hash_469,1.3065720087347719,0.04671572384733769,2.566428293622206,0.9789555384395652,0.06971752351826058
564,hash_564,CCCCC,14.0,9.0,13.0,26.0,14,27,hash_564,1.2866054146944654,0.37332817559632014,2.1998826537926104,0.9971201358181148,-0.2846666377220108
2066,hash_2066,CCCCCCC,11.0,4.0,10.0,35.0,11,21,hash_206,1.2640309962998637,0.2372877899531063,2.290774202646621,0.9920874807501661,-0.032084512563670654
5803,hash_5803,CCCC,11.0,5.0,11.0,25.0,11,21,hash_580,1.2640309962998637,0.2372877899531063,2.290774202646621,0.9920874807501661,-0.1506144477629744
